{
  "type": "FeatureCollection",
  "features": [
    {
      "geometry": {
        "type": "Point",
        "coordinates": [
          5.78341892478978,
          51.6782414367867,
          44.1167528554797
        ]
      },
      "type": "Feature",
      "properties": {
        "gid": "815200000001910",
        "nummeraanduiding": "815200000001910",
        "openbareruimtenaam": "Jochemsweg",
        "huisnummer": "2",
        "huisletter": null,
        "huisnummertoevoeging": null,
        "postcode": "5451HW",
        "woonplaatsnaam": "Mill",
        "gemeentenaam": "Mill en Sint Hubert",
        "provincienaam": "Noord-Brabant",
        "typeadresseerbaarobject": "VBO",
        "adresseerbaarobject": "815010000001910",
        "nevenadres": false
      }
    }
  ]
}