{
    "type": "FeatureCollection",
    "features": [{
        "geometry": {
            "type": "Polygon",
            "coordinates": [
                [
                    [
                        182299.9,
                        410009.7
                    ],
                    [
                        182312.7,
                        410017.3
                    ],
                    [
                        182304.8,
                        410030.6
                    ],
                    [
                        182292,
                        410023
                    ],
                    [
                        182299.9,
                        410009.7
                    ]
                ]
            ]
        },
        "type": "Feature",
        "properties": {
            "gid": "815100000008233",
            "identificatie": "815100000008233",
            "pandstatus": "Pand in gebruik",
            "bouwjaar": "2008"
        }
    }, {
        "geometry": {
            "type": "Polygon",
            "coordinates": [
                [
                    [
                        182439.3,
                        410115.3
                    ],
                    [
                        182405.8,
                        410104
                    ],
                    [
                        182422.3,
                        410055.3
                    ],
                    [
                        182439.4,
                        410061.1
                    ],
                    [
                        182442.4,
                        410059.6
                    ],
                    [
                        182442.2,
                        410059.3
                    ],
                    [
                        182442.5,
                        410059.1
                    ],
                    [
                        182444.3,
                        410062.8
                    ],
                    [
                        182449.5,
                        410064.5
                    ],
                    [
                        182446.2,
                        410074
                    ],
                    [
                        182452.7,
                        410076.2
                    ],
                    [
                        182439.3,
                        410115.3
                    ]
                ]
            ]
        },
        "type": "Feature",
        "properties": {
            "gid": "815100000002157",
            "identificatie": "815100000002157",
            "pandstatus": "Pand in gebruik",
            "bouwjaar": "1970"
        }
    }, {
        "geometry": {
            "type": "Polygon",
            "coordinates": [
                [
                    [
                        182480.3,
                        410105.2
                    ],
                    [
                        182478.6,
                        410110.1
                    ],
                    [
                        182457.8,
                        410102.9
                    ],
                    [
                        182459.4,
                        410098.1
                    ],
                    [
                        182452.8,
                        410095.8
                    ],
                    [
                        182459.5,
                        410076.3
                    ],
                    [
                        182461.1,
                        410071.5
                    ],
                    [
                        182468.5,
                        410074
                    ],
                    [
                        182468.6,
                        410073.7
                    ],
                    [
                        182470.5,
                        410072.8
                    ],
                    [
                        182474,
                        410073.9
                    ],
                    [
                        182475.5,
                        410077
                    ],
                    [
                        182477.8,
                        410077.8
                    ],
                    [
                        182478,
                        410077.3
                    ],
                    [
                        182495.6,
                        410083.3
                    ],
                    [
                        182487.3,
                        410107.6
                    ],
                    [
                        182480.3,
                        410105.2
                    ]
                ]
            ]
        },
        "type": "Feature",
        "properties": {
            "gid": "815100000002159",
            "identificatie": "815100000002159",
            "pandstatus": "Pand in gebruik",
            "bouwjaar": "1993"
        }
    }, {
        "geometry": {
            "type": "Polygon",
            "coordinates": [
                [
                    [
                        182548.8,
                        410159.9
                    ],
                    [
                        182541.7,
                        410181
                    ],
                    [
                        182333.4,
                        410110
                    ],
                    [
                        182340.7,
                        410088.7
                    ],
                    [
                        182548.9,
                        410159.6
                    ],
                    [
                        182548.8,
                        410159.9
                    ]
                ]
            ]
        },
        "type": "Feature",
        "properties": {
            "gid": "815100000002162",
            "identificatie": "815100000002162",
            "pandstatus": "Pand in gebruik",
            "bouwjaar": "1965"
        }
    }, {
        "geometry": {
            "type": "Polygon",
            "coordinates": [
                [
                    [
                        182456.9,
                        410035.7
                    ],
                    [
                        182454.4,
                        410040
                    ],
                    [
                        182449.8,
                        410037.3
                    ],
                    [
                        182449.4,
                        410037.9
                    ],
                    [
                        182444.6,
                        410035.1
                    ],
                    [
                        182448.9,
                        410027.5
                    ],
                    [
                        182445.6,
                        410025.6
                    ],
                    [
                        182448.1,
                        410021.2
                    ],
                    [
                        182458.7,
                        410002.8
                    ],
                    [
                        182471.6,
                        410010.4
                    ],
                    [
                        182456.9,
                        410035.7
                    ]
                ]
            ]
        },
        "type": "Feature",
        "properties": {
            "gid": "815100000002553",
            "identificatie": "815100000002553",
            "pandstatus": "Pand in gebruik",
            "bouwjaar": "1995"
        }
    }, {
        "geometry": {
            "type": "Polygon",
            "coordinates": [
                [
                    [
                        182340.3,
                        410083.2
                    ],
                    [
                        182342,
                        410078
                    ],
                    [
                        182347,
                        410079.6
                    ],
                    [
                        182351.9,
                        410065.3
                    ],
                    [
                        182356.7,
                        410066.9
                    ],
                    [
                        182360,
                        410057.1
                    ],
                    [
                        182357.4,
                        410056.2
                    ],
                    [
                        182359.1,
                        410051
                    ],
                    [
                        182366.4,
                        410053.5
                    ],
                    [
                        182368.1,
                        410048.6
                    ],
                    [
                        182365.1,
                        410047.6
                    ],
                    [
                        182369.3,
                        410035.2
                    ],
                    [
                        182376.9,
                        410037.8
                    ],
                    [
                        182376,
                        410040.5
                    ],
                    [
                        182401.8,
                        410049.3
                    ],
                    [
                        182385.2,
                        410098.4
                    ],
                    [
                        182340.3,
                        410083.2
                    ]
                ]
            ]
        },
        "type": "Feature",
        "properties": {
            "gid": "815100000002556",
            "identificatie": "815100000002556",
            "pandstatus": "Pand in gebruik",
            "bouwjaar": "1985"
        }
    }, {
        "geometry": {
            "type": "Polygon",
            "coordinates": [
                [
                    [
                        182475,
                        410006.5
                    ],
                    [
                        182483.1,
                        409993.3
                    ],
                    [
                        182500.6,
                        410004
                    ],
                    [
                        182492.4,
                        410017.3
                    ],
                    [
                        182475,
                        410006.5
                    ]
                ]
            ]
        },
        "type": "Feature",
        "properties": {
            "gid": "815100000002558",
            "identificatie": "815100000002558",
            "pandstatus": "Pand in gebruik",
            "bouwjaar": "1996"
        }
    }, {
        "geometry": {
            "type": "Polygon",
            "coordinates": [
                [
                    [
                        182458.8,
                        410036.4
                    ],
                    [
                        182474.8,
                        410008.7
                    ],
                    [
                        182508.9,
                        410029.8
                    ],
                    [
                        182513.1,
                        410032.5
                    ],
                    [
                        182507.1,
                        410042.1
                    ],
                    [
                        182515.2,
                        410047.1
                    ],
                    [
                        182508.7,
                        410057.7
                    ],
                    [
                        182504.6,
                        410058.6
                    ],
                    [
                        182490.1,
                        410049.7
                    ],
                    [
                        182494.7,
                        410042.2
                    ],
                    [
                        182482.6,
                        410034.8
                    ],
                    [
                        182473.4,
                        410050.7
                    ],
                    [
                        182456.2,
                        410040.7
                    ],
                    [
                        182458.8,
                        410036.4
                    ]
                ]
            ]
        },
        "type": "Feature",
        "properties": {
            "gid": "815100000002559",
            "identificatie": "815100000002559",
            "pandstatus": "Pand in gebruik",
            "bouwjaar": "1997"
        }
    }, {
        "geometry": {
            "type": "Polygon",
            "coordinates": [
                [
                    [
                        182411,
                        410015.2
                    ],
                    [
                        182408.5,
                        410019.5
                    ],
                    [
                        182404.6,
                        410017.3
                    ],
                    [
                        182404.4,
                        410017.6
                    ],
                    [
                        182403.6,
                        410017.9
                    ],
                    [
                        182402.7,
                        410017.3
                    ],
                    [
                        182402.5,
                        410016.5
                    ],
                    [
                        182402.7,
                        410016.1
                    ],
                    [
                        182398.1,
                        410013.5
                    ],
                    [
                        182401.4,
                        410007.8
                    ],
                    [
                        182402.3,
                        410008.3
                    ],
                    [
                        182425,
                        409969.1
                    ],
                    [
                        182434.5,
                        409974.6
                    ],
                    [
                        182411,
                        410015.2
                    ]
                ]
            ]
        },
        "type": "Feature",
        "properties": {
            "gid": "815100000002560",
            "identificatie": "815100000002560",
            "pandstatus": "Pand in gebruik",
            "bouwjaar": "1985",
            "selected": true
        }
    }, {
        "geometry": {
            "type": "Polygon",
            "coordinates": [
                [
                    [
                        182421.1,
                        409951.9
                    ],
                    [
                        182428.9,
                        409939
                    ],
                    [
                        182433.3,
                        409941.6
                    ],
                    [
                        182434.1,
                        409940.4
                    ],
                    [
                        182441.8,
                        409945
                    ],
                    [
                        182433.6,
                        409959.3
                    ],
                    [
                        182421.1,
                        409951.9
                    ]
                ]
            ]
        },
        "type": "Feature",
        "properties": {
            "gid": "815100000002566",
            "identificatie": "815100000002566",
            "pandstatus": "Pand in gebruik",
            "bouwjaar": "1983"
        }
    }, {
        "geometry": {
            "type": "Polygon",
            "coordinates": [
                [
                    [
                        182348.3,
                        410022.7
                    ],
                    [
                        182298.6,
                        409992.3
                    ],
                    [
                        182298.2,
                        409993
                    ],
                    [
                        182287.7,
                        409986.5
                    ],
                    [
                        182327.3,
                        409921.2
                    ],
                    [
                        182359.8,
                        409939.5
                    ],
                    [
                        182339.9,
                        409972.2
                    ],
                    [
                        182354.4,
                        409981
                    ],
                    [
                        182344.7,
                        409996.8
                    ],
                    [
                        182358.8,
                        410005.5
                    ],
                    [
                        182348.3,
                        410022.7
                    ]
                ]
            ]
        },
        "type": "Feature",
        "properties": {
            "gid": "815100000002571",
            "identificatie": "815100000002571",
            "pandstatus": "Pand in gebruik",
            "bouwjaar": "1990"
        }
    }]
}