{
  "type": "FeatureCollection",
  "features": [
    {
      "geometry": {
        "type": "Point",
        "coordinates": [
          149360.855,
          411333.541,
          0
        ]
      },
      "type": "Feature",
      "properties": {
        "gid": "796200000436351",
        "nummeraanduiding": "796200000436351",
        "openbareruimtenaam": "Burgemeester Loeffplein",
        "huisnummer": "70",
        "huisletter": "B",
        "huisnummertoevoeging": null,
        "postcode": "5211RX",
        "woonplaatsnaam": "'s-Hertogenbosch",
        "gemeentenaam": "'s-Hertogenbosch",
        "provincienaam": "Noord-Brabant",
        "typeadresseerbaarobject": "VBO",
        "adresseerbaarobject": "796010000436350",
        "nevenadres": false
      }
    }
  ]
}