{

    "intro":{
        "copy":{
            "header":"SafetyMaps Web",
            "body":"<p>Vul hier uw gegevens in, deels in invoervelden, deels door ze op de kaart aan te geven. Bij ieder scherm is er een 'info' icoontje en een 'contact' mogelijkheid.</p>"
        }

    },
    "buildings":[
        {
            "id":"bagId",
            "geometry":{
                "type":"point",
                "coordinates":[51.690599, 5.3064146]
            },
            "copy":{
                "header":"Gebouwen",
                "body":"<p>Zijn de juiste Panden / gebouwen geselecteerd voor uw locatie?</p><ul><li><strong>Ja:</strong> Verder naar volgende vraag</li><li><strong>Nee:</strong> Klik op de grijze panden die ook bij uw object horen</li></ul>",
                "help":"<p>Try-hard Godard beard authentic PBR&B sapiente banh mi, swag jean shorts deep v butcher. Anim chambray mumblecore post-ironic Banksy sriracha, yr pop-up pork belly. Single-origin coffee XOXO laborum, dolor occupy fingerstache scenester mollit. Qui wolf dolore butcher slow-carb Etsy, occupy organic before they sold out banh mi. Fap ut velit magna, keytar swag bespoke quis tattooed qui synth forage seitan. Reprehenderit pop-up proident, tousled ex shabby chic ethnic flannel Bushwick ugh you probably haven't heard of them direct trade hoodie. Whatever try-hard Schlitz, nisi readymade Tumblr American Apparel cray organic Helvetica paleo.</p><p>Esse laboris 3 wolf moon, banh mi before they sold out duis slow-carb letterpress. Paleo scenester kitsch mixtape, beard tattooed synth drinking vinegar aesthetic culpa Truffaut four loko. Blog readymade pariatur, Terry Richardson trust fund aliqua PBR. Aliqua reprehenderit before they sold out sapiente incididunt forage, labore assumenda art party. Terry Richardson chambray disrupt messenger bag, Echo Park semiotics fingerstache sint Bushwick vinyl accusamus Portland meggings. +1 keytar deep v, sriracha Austin laborum exercitation est craft beer sustainable proident dolor. Shabby chic yr beard, before they sold out sed sapiente craft beer 8-bit.</p>"
            }

        }
    ],
    "personalInformation":[
        {"copy":{
            "header":"Persoonlijke informatie",
            "body":"<p>Controleer uw gegevens en pas ze aan waar nodig. Als u klaar bent druk dan op 'volgende'</p>",
            "help":"help"
        }
        },
        {"fields":[{
            "name":"firstname",
            "type":"text",
            "value": "Gerben",
            "placeholder":"Voornaam",
            "required":"f-required"

        },
            {
                "name":"surname",
                "type":"text",
                "value": "Hoeve",
                "placeholder":"Achternaam",
                "required":"f-required"
            },
            {
                "name":"bedrijfsnaam",
                "type":"text",
                "value": "ghdesigns",
                "placeholder":"Bedrijfsnaam",
                "required":"f-required"
            },
            {
                "name":"street",
                "type":"text",
                "value":"straatnaam",
                "placeholder":"Straatnaam",
                "required":""
            },
            {
                "name":"number",
                "type":"number",
                "value":"2",
                "placeholder":"Huisnummer",
                "required":"f-required"
            },
            {
                "name":"huisnummer toevoeging",
                "type":"text",
                "value":"",
                "placeholder":"Toevoeging",
                "required":""

            },
            {
                "name":"postcode",
                "type":"text",
                "value":"1245 ab",
                "placeholder":"Postcode ( 1234 ab )",
                "required":"f-required"
            },
            {
                "name":"email",
                "type":"email",
                "value":"info@ghdesigns.com",
                "placeholder":"uw email adres",
                "required":""

            },
            {
                "name":"telephone",
                "type":"tel",
                "value":"06-12345678",
                "placeholder":"06 12345678",
                "required":""
            }]}


    ],
    "contactInformation":[
        {
            "copy":{
                "header":"Contact informatie",
                "body":"<p>Geef namen en telefoonnummers op van personen die de brandweer kan bellen bij een calamiteit. </p>",
                "help":"help"
            }
        },
        {
            "fields":[
                [
                    {
                        "name":"Voornaam",
                        "type":"text",
                        "value": "",
                        "placeholder":"Voornaam",
                        "required":"f-required"
                    },
                    {
                        "name":"Achternaam",
                        "type":"text",
                        "value": "",
                        "placeholder":"Achternaam",
                        "required":"f-required"
                    },
                    {
                        "name":"Email-adres",
                        "type":"email",
                        "value":"",
                        "placeholder":"jan@provider.nl",
                        "required":""
                    },
                    {
                        "name":"Telefoonnummer",
                        "type":"tel",
                        "value":"",
                        "placeholder":"06 12345678",
                        "required":"f-required"
                    }
                ]
            ]
        }
    ],
    "functions":[
        {
            "copy":{
                "header":"Functie",
                "body":"<p>Geef voor elk pand/gebouw de functie op. Klik hierbij op een pand en kies dan de hoofdfunctie en deelfunctie</p>",
                "help":"help"
            }
        },
        {
            "building":"bagId",
            "mainfunction":[
                {
                    "name":"Industrie, nuts, afval, groothandel, opslag en transport",
                    "value":"a",
                    "subFunction":[
                        {
                            "name":"Chemie",
                            "value":"a1"
                        },
                        {
                            "name":"Brandstof en energieopwekking",
                            "value":"a2"
                        },
                        {
                            "name":"Opslag, handel en transport",
                            "value":"a3"
                        },
                        {
                            "name":"Afvalverwerking",
                            "value":"a4"
                        },
                        {
                            "name":"Overige productie, maakindustrie, bouw",
                            "value":"a5"
                        }
                    ]
                },
                {
                    "name":"Wonen, zorg, onderwijs, gevangenis",
                    "value":"b",
                    "subFunction":[
                        {
                            "name":"Gevangenis",
                            "value":"b1"
                        },
                        {
                            "name":"Zorg met overnachting of zorg voor kwetsbare gebruikers",
                            "value":"b2"
                        },
                        {
                            "name":"Onderwijs of dagopvang minderjarigen",
                            "value":"b3"
                        },
                        {
                            "name":"Zelfstandig wonen",
                            "value":"b4"
                        },
                        {
                            "name":"Overige zorg of onderwijs",
                            "value":"b5"
                        }
                    ]
                },
                {
                    "name":"Winkel, gastvrijheid of vermaak",
                    "value":"c",
                    "subFunction":[
                        {
                            "name":"Zonder nachtverblijf",
                            "value":"c1"
                        },
                        {
                            "name":"Met nachtverblijf",
                            "value":"c2"
                        }
                    ]
                },
                {
                    "name":"Geen van bovenstaande. Landbouw. Overheid, dienstverlening, kantoor.",
                    "value":"d",
                    "subFunction":[
                        {
                            "name":"Overige, niet-risicovol",
                            "value":"d1"
                        }
                    ]
                }
            ]
        }
    ],
    "entrances":[
        {
            "building":"bagId",
            "copy":{
                "header":"Hoofdingang",
                "body":"<p>Geef per pand/gebouw de hoofdingang op. Klik op de kaart waar de ingang zich bevindt.</p>",
                "help":"help"
            },
            "geometry":{
                "type": "Point",
                "coordinates": [
                    51.690599, 5.3064146
                ]
            },
            "amount":"5",
            "photos":[

            ]
        }
    ],
    "sleutelbuis":[
        {
            "building":"bagId",
            "copy":{
                "header":"Sleutelbuis",
                "body":"<p>Indien u een sleutelkluis of sleutelbuis heeft geef deze dan op de kaart aan.</p>",
                "help":"help"
            },

            "geometry":{
                "type": "Point",
                "coordinates": [
                    51.690599, 5.3064146
                ]
            }
        }
    ],
    "gasafsluiter":[
        {
            "building":"bagId",
            "copy":{
                "header":"Gasafsluiter",
                "body":"<p>Klik op de kaart waar de gasafsluiter zich bevindt.</p>",
                "help":"help"
            },

            "geometry":{
                "type": "Point",
                "coordinates": [
                    51.690599, 5.3064146
                ]
            }
        }
    ],
    "hoofdSchakelaarElektriciteit":[
        {
            "building":"bagId",
            "copy":{
                "header":"Hoofdschakelaar electriciteit",
                "body":"<p>Klik op de kaart waar de hoofdschakelaar elektriciteit zich bevindt.</p>",
                "help":"help"
            },
            "header":"Hoofdschakelaar electriciteit",
            "body":"<p>Klik op de kaart waar de hoofdschakelaar elektriciteit zich bevindt.</p>",
            "geometry":{
                "type": "Point",
                "coordinates": [
                    51.690599, 5.3064146
                ]
            }
        }
    ],
    "hoofdafsluiterwater":[
        {
            "building":"bagId",
            "copy":{
                "header":"Hoofdafsluiter water",
                "body":"<p>Klik op de kaart waar de hoofdafsluiter voor water zich bevindt.</p>",
                "help":"help"
            },

            "geometry":{
                "type": "Point",
                "coordinates": [
                    51.690599, 5.3064146
                ]
            }
        }
    ],
    "gasflessen":[
        {
            "copy":{
                "header":"Gasflessen",
                "body":"<p>Heeft u gasflessen met een gezamenlijke inhoud van meer dan 115 liter? Plaats deze dan op de kaart. Na het plaatsen kunt u de aantallen opgeven per locatie.</p>"
                ,"help":"help"
            }
        },
        {
            "items":
            [
                {
                   "building":"bagId",
                   "geometry":{
                        "type": "Point",
                        "coordinates": [
                            51.690599, 5.3064146
                        ]
                    },
                    "amount":"4"

                },
                {
                    "building":"bagId",
                    "geometry":{
                        "type": "Point",
                        "coordinates": [
                            51.690569, 5.3064146
                        ]
                    },
                    "amount":"2"

                }
            ]
        }
    ],
    "gevaarlijkestoffen":[
        {
            "copy":{
                "header":"Gevaarlijke stoffen",
                "body":"<p>Heeft u 100 liter of 100 kilo brandbare, ontvlambare, bijtende of giftige stoffen? Plaats deze dan op de kaart. Na het plaatsen kunt u de aantallen en hoeveelheden opgeven per locatie. </p>"
                ,"help":"help"
            }
        },
        {
            "items":
                    [
                        {
                            "building":"bagId",
                            "geometry":{
                                "type": "Point",
                                "coordinates": [
                                    51.690599, 5.3064146
                                ]
                            },
                            "amount":"4"

                        },
                        {
                            "building":"bagId",
                            "geometry":{
                                "type": "Point",
                                "coordinates": [
                                    51.690569, 5.3064146
                                ]
                            },
                            "amount":"2"

                        }
                    ]
        }
    ],
    "drogestijgleiding":[
        {
            "building":"bagId",
            "copy":{
                "header":"Droge stijgleiding",
                "body":"<p>Heeft uw een droge stijgleiding, plaats deze dan op de kaart...</p>",
                "help":"help"
            },
            "geometry":{
                "type": "Point",
                "coordinates": [
                    51.690599, 5.3064146
                ]
            }
        }
    ],
    "rwa":[
        {
            "building":"bagId",
            "copy":{
                "header":"Automatische rookluiken",
                "body":"<p>Heeft uw automatische rookluiken? Plaats deze dan op de kaart.</p>",
                "help":"help"
            },

            "geometry":{
                "type": "Point",
                "coordinates": [
                    51.690599, 5.3064146
                ]
            }
        }
    ],
    "verdiepingen":[
        {
            "building":"bagId",
            "copy":{
                "header":"Verdiepingen",
                "body":"<p>Heeft uw gebouw meerdere verdiepingen. Geef deze aub hier aan.</p>",
                "help":"help"
            },

            "amount":"1"
        }
    ],
    "bhv":{
        "copy":{
            "header":"BHV",
            "body":"Heeft u een BHV-organisatie?",
            "help":"help"
        },

        "value":""
    },
    "people":[
        {
            "building":"bagId",
            "copy":{
                "header":"Aanwezigen",
                "body":"<p>Geef aan wanneer welke groepen aanwezig zijn en in welke maximale hoeveelheid.</p>",
                "help":"help"
            },

            "occupants":[
                [
                    {
                        "type":"Bewoners",
                        "time":"Overdag",
                        "amount":""
                    },
                    {
                        "type":"Bewoners",
                        "time":"Avond",
                        "amount":""
                    },
                    {
                        "type":"Bewoners",
                        "time":"Nacht",
                        "amount":""
                    }
                ],
                [
                    {
                        "type":"Bezoekers",
                        "time":"Overdag",
                        "amount":""
                    },
                    {
                        "type":"Bezoekers",
                        "time":"Avond",
                        "amount":""
                    },
                    {
                        "type":"Bezoekers",
                        "time":"Nacht",
                        "amount":""
                    }
                ],
                [
                    {
                        "type":"Personeel",
                        "time":"Overdag",
                        "amount":""
                    },
                    {
                        "type":"Personeel",
                        "time":"Avond",
                        "amount":""
                    },
                    {
                        "type":"Personeel",
                        "time":"Nacht",
                        "amount":""
                    }
                ]
            ]
        }
    ],
    "exercise":{
        "copy":{
            "header":"Brandweer oefening",
            "body":"<p>Staat u open voor een brandweer oefening? <em>U wordt niet altijd benaderd.</em></p>",
            "help":"help"
        },

        "question":"Ik wil wel worden benaderd",
        "value":"nee"
    },
    "final":{
        "copy":{
            "header":"Dank voor uw medewerking",
            "body":"<p>Hartelijk dank voor uw medewerking.</p>",
            "help":"help"
        }
    },
    "information":{
        "personalInformation": {
            "header":"header",
            "body":"bodytest"
        },
        "contactInformation": {
            "header":"header",
            "body":"bodytest"
        },

        "intro": {
            "header":"header",
            "body":"bodytest"
        },
        "buildings": {
            "header":"Gebouwen",
            "body":"<p>De gebruiker kan nu op de grijze BAG-Panden klikken. Bij elke klik wordt de vraag gesteld om deze toe te voegen aan de kaart voor de brandweer. Het object wordt groen gekleurd als deze met “ja” wordt beantwoord.</p>"      },
        "functions": {
            "header":"gebruiks functies",
            "body":"bodytest"
        },
        "entrances": {
            "header":"Ingangen",
            "body":"dkddkd"
        },
        "sleutelbuis": {
            "header":"sleutelbuis",
            "body":"<p>Een verbindingsweg naar uw pand mag geen obstakels hebben zoals hekwerken die op slot zijn, overhangende takken of bijvoorbeeld geparkeerde auto's. Hekwerken kunnen op slot indien in de directe omgeving van het hekwerk een sleutelbuis/-kluis aanwezig is met daarin de toegangssleutel. Wanneer u een dergelijke sleutelbuis/-kluis wilt aanbrengen dient u hiervoor contact op te nemen met de brandweer.</p>",
            "image":"img/informatie/sleutelbuis/sleutelbuis-pz-light.jpg"
        },
        "gasafsluiter": {
            "header":"header",
            "body":"bodytest"
        },
        "hoofdSchakelaarElektriciteit": {
            "header":"header",
            "body":"bodytest"
        },
        "hoofdafsluiterwater": {
            "header":"header",
            "body":"bodytest"
        },
        "gasflessen": {
            "header":"header",
            "body":"bodytest",
            "image":"img/informatie/gasflessen/gasflessen.jpg"
        },
        "drogestijgleiding": {
            "header":"header",
            "body":"bodytest"
        },
        "rwa": {
            "header":"header",
            "body":"bodytest"
        },
        "verdiepingen": {
            "header":"header",
            "body":"bodytest"
        },
        "bhv": {
            "header":"header",
            "body":"bodytest"
        },
        "people": {
            "header":"header",
            "body":"bodytest"
        },
        "exercise": {
            "header":"header",
            "body":"bodytest"
        }
    },
    "contact":{
        "header":"contact",
        "body":"Uw kunt voor vragen altijd contact met ons opnemen, dit kan via e-mail of via de telefoon.",
        "email":"wilfred@wnas.nl",
        "tel": "0640884567"
    }
}